颜色,
如沐清风,
舒爽修护,
酷爽冰激,
净投亮肤,
舒爽修护,
舒爽修护,
净透亮肤,
柔滑干爽,
酷爽冰激,
舒爽修护,
如沐清风,
舒爽修护,
酷爽冰激,
舒爽修护,
柔滑滋润,
如沐清风,
柔滑滋润,
舒爽修护,
舒爽修护,
舒爽修护,
净透亮肤,
如沐清风,
舒爽修护,
柔滑干爽,
舒爽修护,
柔滑干爽,
如沐清风,
如沐清风,
如沐清风,
净透亮肤,
舒爽修护,
柔滑滋润,
酷爽冰激,
净透亮肤,
舒爽修护,
如沐清风,
舒爽修护,
酷爽冰激,
净透亮肤,
净透亮肤,
舒爽修护,
舒爽修护,
净透亮肤,
净透亮肤,
舒爽修护,
如沐清风,
柔滑干爽,
舒爽修护,
如沐清风,
净透亮肤,
舒爽修护,
净透亮肤,
净透亮肤,
酷爽冰激,
舒爽修护,
如沐清风,
柔滑滋润,
净透亮肤,
净透亮肤,
酷爽冰激,
舒爽修护,
柔滑干爽,
酷爽冰激,
酷爽冰激,
舒爽修护,
酷爽冰激,
舒爽修护,
柔滑滋润,
舒爽修护,
净透亮肤,
净透亮肤,
净透亮肤,
净透亮肤,
酷爽冰激,
柔滑干爽,
如沐清风,
如沐清风,
净透亮肤,
酷爽冰激,
净透亮肤,
净投亮肤,
柔滑干爽,
柔滑滋润,
舒爽修护,
柔滑干爽,
净透亮肤,
净透亮肤,
净透亮肤,
净透亮肤,
舒爽修护,
净透亮肤,
柔滑干爽,
酷爽冰激,
舒爽修护,
舒爽修护,
舒爽修护,
净透亮肤,
柔滑干爽,
柔滑干爽,
柔滑干爽,
如沐清风,
舒爽修护,
净透亮肤,
柔滑干爽,
舒爽修护,
舒爽修护,
如沐清风,
净透亮肤,
柔滑干爽,
净透亮肤,
净透亮肤,
柔滑滋润,
酷爽冰激,
酷爽冰激,
柔滑干爽,
净透亮肤,
净透亮肤,
净透亮肤,
柔滑干爽,
酷爽冰激,
舒爽修护,
酷爽冰激,
舒爽修护,
舒爽修护,
柔滑干爽,
舒爽修护,
净透亮肤,
柔滑干爽,
净透亮肤,
净透亮肤,
柔滑干爽,
柔滑滋润,
舒爽修护,
净透亮肤,
如沐清风,
净透亮肤,
柔滑滋润,
舒爽修护,
酷爽冰激,
舒爽修护,
如沐清风,
净透亮肤,
舒爽修护,
如沐清风,
酷爽冰激,
樱香嫩白,
酷爽冰激,
舒爽修护,
柔滑干爽,
柔滑干爽,
柔滑干爽,
柔滑干爽,
舒爽修护,
净透亮肤,
舒爽修护,
柔滑滋润,
净透亮肤,
舒爽修护,
酷爽冰激,
净透亮肤,
舒爽修护,
酷爽冰激,
净透亮肤,
如沐清风,
舒爽修护,
酷爽冰激,
净透亮肤,
舒爽修护,
舒爽修护,
柔滑滋润,
净透亮肤,
净透亮肤,
净透亮肤,
净透亮肤,
柔滑滋润,
如沐清风,
柔滑干爽,
如沐清风,
舒爽修护,
如沐清风,
舒爽修护,
舒爽修护,
舒爽修护,
酷爽冰激,
净透亮肤,
舒爽修护,
酷爽冰激,
净透亮肤,
舒爽修护,
舒爽修护,
舒爽修护,
如沐清风,
净透亮肤,
樱香嫩白,
柔滑干爽,
樱香嫩白,
如沐清风,
净透亮肤,
柔滑干爽,
如沐清风,
舒爽修护,
舒爽修护,
柔滑干爽,
舒爽修护,
净透亮肤,
柔滑干爽,
净透亮肤,
柔滑滋润,
舒爽修护,
酷爽冰激,
舒爽修护,
柔滑滋润,
净透亮肤,
柔滑干爽,
柔滑滋润,
舒爽修护,
净透亮肤,
柔滑干爽,
柔滑干爽,
酷爽冰激,
如沐清风,
柔滑干爽,
柔滑滋润,
樱香嫩白,
柔滑干爽,
舒爽修护,
舒爽修护,
柔滑干爽,
净透亮肤,
柔滑干爽,
舒爽修护,
舒爽修护,
柔滑干爽,
酷爽冰激,
舒爽修护,
舒爽修护,
舒爽修护,
酷爽冰激,
酷爽冰激,
柔滑干爽,
舒爽修护,
樱香嫩白,
柔滑干爽,
柔滑干爽,
舒爽修护,
柔滑干爽,
如沐清风,
柔滑干爽,
舒爽修护,
净透亮肤,
柔滑干爽,
舒爽修护,
柔滑滋润,
净透亮肤,
如沐清风,
柔滑滋润,
柔滑滋润,
柔滑滋润,
酷爽冰激,
酷爽冰激,
樱香嫩白,
舒爽修护,
酷爽冰激,
净透亮肤,
净透亮肤,
舒爽修护,
如沐清风,
净透亮肤,
净透亮肤,
净投亮肤,
如沐清风,
舒爽修护,
舒爽修护,
酷爽冰激,
舒爽修护,
净透亮肤,
舒爽修护,
净透亮肤,
净透亮肤,
柔滑干爽,
如沐清风,
净透亮肤,
柔滑干爽,
柔滑滋润,
酷爽冰激,
柔滑干爽,
净透亮肤,
净透亮肤,
柔滑干爽,
净透亮肤,
樱香嫩白,
柔滑干爽,
柔滑滋润,
舒爽修护,
柔滑干爽,
舒爽修护,
酷爽冰激,
柔滑滋润,
酷爽冰激,
樱香嫩白,
净透亮肤,
柔滑干爽,
柔滑干爽,
净透亮肤,
舒爽修护,
酷爽冰激,
柔滑干爽,
柔滑干爽,
净透亮肤,
净透亮肤,
舒爽修护,
柔滑干爽,
舒爽修护,
如沐清风,
如沐清风,
净透亮肤,
净透亮肤,
舒爽修护,
净透亮肤,
舒爽修护,
舒爽修护,
净透亮肤,
酷爽冰激,
舒爽修护,
如沐清风,
净透亮肤,
净透亮肤,
酷爽冰激,
如沐清风,
舒爽修护,
柔滑干爽,
柔滑滋润,
舒爽修护,
酷爽冰激,
柔滑干爽,
柔滑干爽,
酷爽冰激,
酷爽冰激,
柔滑干爽,
舒爽修护,
柔滑干爽,
柔滑干爽,
净透亮肤,
净透亮肤,
舒爽修护,
舒爽修护,
净透亮肤,
舒爽修护,
柔滑干爽,
如沐清风,
舒爽修护,
舒爽修护,
柔滑干爽,
酷爽冰激,
净透亮肤,
净投亮肤,
净透亮肤,
净透亮肤,
净透亮肤,
舒爽修护,
柔滑滋润,
酷爽冰激,
净透亮肤,
净透亮肤,
舒爽修护,
净透亮肤,
柔滑干爽,
如沐清风,
酷爽冰激,
净透亮肤,
舒爽修护,
净透亮肤,
如沐清风,
舒爽修护,
柔滑干爽,
舒爽修护,
净透亮肤,
舒爽修护,
舒爽修护,
舒爽修护,
酷爽冰激,
舒爽修护,
柔滑干爽,
舒爽修护,
净透亮肤,
如沐清风,
舒爽修护,
柔滑干爽,
舒爽修护,
如沐清风,
酷爽冰激,
如沐清风,
净透亮肤,
净透亮肤,
酷爽冰激,
柔滑干爽,
柔滑干爽,
如沐清风,
舒爽修护,
柔滑滋润,
舒爽修护,
如沐清风,
酷爽冰激,
净透亮肤,
如沐清风,
舒爽修护,
净透亮肤,
舒爽修护,
柔滑滋润,
舒爽修护,
净透亮肤,
舒爽修护,
净透亮肤,
蓝风铃,
如沐清风,
柔滑干爽,
柔滑滋润,
舒爽修护,
酷爽冰激,
如沐清风,
净透亮肤,
如沐清风,
柔滑干爽,
柔滑干爽,
净透亮肤,
柔滑干爽,
酷爽冰激,
舒爽修护,
酷爽冰激,
净透亮肤,
如沐清风,
柔滑干爽,
舒爽修护,
舒爽修护,
柔滑干爽,
净透亮肤,
柔滑干爽,
舒爽修护,
舒爽修护,
柔滑干爽,
酷爽冰激,
净透亮肤,
柔滑干爽,
柔滑干爽,
如沐清风,
柔滑干爽,
舒爽修护,
柔滑干爽,
酷爽冰激,
樱香嫩白,
柔滑干爽,
如沐清风,
舒爽修护,
舒爽修护,
舒爽修护,
净透亮肤,
净透亮肤,
如沐清风,
舒爽修护,
柔滑滋润,
净透亮肤,
酷爽冰激,
酷爽冰激,
酷爽冰激,
如沐清风,
舒爽修护,
酷爽冰激,
如沐清风,
净透亮肤,
如沐清风,
净透亮肤,
如沐清风,
舒爽修护,
舒爽修护,
柔滑滋润,
如沐清风,
酷爽冰激,
舒爽修护,
柔滑滋润,
舒爽修护,
净透亮肤,
舒爽修护,
酷爽冰激,
柔滑干爽,
净透亮肤,
如沐清风,
柔滑干爽,
酷爽冰激,
舒爽修护,
净透亮肤,
柔滑干爽,
净透亮肤,
柔滑干爽,
舒爽修护,
柔滑滋润,
舒爽修护,
柔滑干爽,
柔滑滋润,
柔滑滋润,
净透亮肤,
酷爽冰激,
柔滑干爽,
净透亮肤,
如沐清风,
樱香嫩白,
舒爽修护,
柔滑滋润,
柔滑干爽,
酷爽冰激,
净透亮肤,
净透亮肤,
如沐清风,
柔滑干爽,
净透亮肤,
净透亮肤,
柔滑滋润,
柔滑干爽,
净透亮肤,
舒爽修护,
净透亮肤,
舒爽修护,
酷爽冰激,
舒爽修护,
舒爽修护,
柔滑干爽,
如沐清风,
柔滑滋润,
柔滑干爽,
净透亮肤,
舒爽修护,
酷爽冰激,
酷爽冰激,
舒爽修护,
如沐清风,
舒爽修护,
樱香嫩白,
酷爽冰激,
净透亮肤,
柔滑滋润,
净透亮肤,
柔滑干爽,
柔滑干爽,
舒爽修护,
舒爽修护,
舒爽修护,
柔滑滋润,
柔滑滋润,
舒爽修护,
净透亮肤,
如沐清风,
柔滑干爽,
酷爽冰激,
舒爽修护,
如沐清风,
柔滑干爽,
舒爽修护,
舒爽修护,
柔滑干爽,
柔滑干爽,
净透亮肤,
舒爽修护,
柔滑干爽,
净透亮肤,
柔滑干爽,
柔滑滋润,
柔滑干爽,
净透亮肤,
柔滑干爽,
如沐清风,
净透亮肤,
舒爽修护,
柔滑干爽,
柔滑干爽,
净透亮肤,
净透亮肤,
柔滑干爽,
柔滑干爽,
柔滑干爽,
柔滑干爽,
柔滑干爽,
舒爽修护,
舒爽修护,
如沐清风,
酷爽冰激,
净透亮肤,
,
舒爽修护,
酷爽冰激,
柔滑干爽,
舒爽修护,
舒爽修护,
如沐清风,
舒爽修护,
舒爽修护,
净透亮肤,
樱香嫩白,
净透亮肤,
柔滑干爽,
酷爽冰激,
舒爽修护,
酷爽冰激,
如沐清风,
如沐清风,
净透亮肤,
酷爽冰激,
舒爽修护,
舒爽修护,
舒爽修护,
净透亮肤,
酷爽冰激,
净透亮肤,
净透亮肤,
舒爽修护,
柔滑干爽,
如沐清风,
柔滑干爽,
酷爽冰激,
舒爽修护,
净透亮肤,
如沐清风,
如沐清风,
净透亮肤,
如沐清风,
如沐清风,
酷爽冰激,
净透亮肤,
酷爽冰激,
如沐清风,
舒爽修护,
酷爽冰激,
舒爽修护,
净透亮肤,
如沐清风,
酷爽冰激,
如沐清风,
酷爽冰激,
净透亮肤,
樱香嫩白,
柔滑干爽,
如沐清风,
舒爽修护,
如沐清风,
柔滑滋润,
酷爽冰激,
柔滑干爽,
酷爽冰激,
舒爽修护,
净透亮肤,
柔滑干爽,
柔滑干爽,
如沐清风,
如沐清风,
舒爽修护,
酷爽冰激,
柔滑干爽,
净透亮肤,
如沐清风,
酷爽冰激,
如沐清风,
舒爽修护,
舒爽修护,
如沐清风,
舒爽修护,
酷爽冰激,
净透亮肤,
舒爽修护,
舒爽修护,
舒爽修护,
舒爽修护,
净透亮肤,
舒爽修护,
柔滑滋润,
如沐清风,
柔滑滋润,
舒爽修护,
柔滑干爽,
如沐清风,
酷爽冰激,
如沐清风,
舒爽修护,
如沐清风,
如沐清风,
如沐清风,
舒爽修护,
舒爽修护,
柔滑干爽,
柔滑干爽,
如沐清风,
柔滑干爽,
柔滑干爽,
柔滑干爽,
舒爽修护,
酷爽冰激,
柔滑干爽,
柔滑干爽,
酷爽冰激,
舒爽修护,
舒爽修护,
净透亮肤,
如沐清风,
柔滑干爽,
净投亮肤,
酷爽冰激,
柔滑干爽,
舒爽修护,
如沐清风,
蓝风铃,
柔滑干爽,
如沐清风,
柔滑干爽,
如沐清风,
柔滑干爽,
樱香嫩白,
舒爽修护,
柔滑干爽,
舒爽修护,
净透亮肤,
酷爽冰激,
舒爽修护,
柔滑干爽,
樱香嫩白,
柔滑干爽,
净透亮肤,
柔滑滋润,
柔滑滋润,
酷爽冰激,
净透亮肤,
净透亮肤,
如沐清风,
酷爽冰激,
净透亮肤,
如沐清风,
净透亮肤,
舒爽修护,
如沐清风,
酷爽冰激,
柔滑干爽,
柔滑滋润,
净透亮肤,
酷爽冰激,
酷爽冰激,
舒爽修护,
柔滑干爽,
柔滑干爽,
舒爽修护,
如沐清风,
如沐清风,
净透亮肤,
如沐清风,
樱香嫩白,
净透亮肤,
如沐清风,
柔滑干爽,
如沐清风,
如沐清风,
酷爽冰激,
酷爽冰激,
如沐清风,
酷爽冰激,
如沐清风,
酷爽冰激,
如沐清风,
柔滑滋润,
酷爽冰激,
柔滑干爽,
山谷百合,
柔滑干爽,
舒爽修护,
净透亮肤,
如沐清风,
净透亮肤,
柔滑干爽,
如沐清风,
如沐清风,
柔滑干爽,
酷爽冰激,
酷爽冰激,
如沐清风,
如沐清风,
柔滑干爽,
如沐清风,
柔滑干爽,
柔滑干爽,
柔滑干爽,
净透亮肤,
柔滑干爽,
净透亮肤,
净透亮肤,
净透亮肤,
净透亮肤,
樱香嫩白,
舒爽修护,
柔滑干爽,
柔滑干爽,
净透亮肤,
柔滑干爽,
酷爽冰激,
柔滑滋润,
如沐清风,
净透亮肤,
酷爽冰激,
酷爽冰激,
柔滑干爽,
樱香嫩白,
舒爽修护,
酷爽冰激,
如沐清风,
酷爽冰激,
酷爽冰激,
柔滑干爽,
如沐清风,
舒爽修护,
酷爽冰激,
酷爽冰激,
柔滑干爽,
如沐清风,
净透亮肤,
如沐清风,
柔滑干爽,
柔滑干爽,
柔滑干爽,
如沐清风,
净透亮肤,
舒爽修护,
舒爽修护,
酷爽冰激,
舒爽修护,
酷爽冰激,
舒爽修护,
柔滑干爽,
柔滑干爽,
如沐清风,
酷爽冰激,
舒爽修护,
如沐清风,
柔滑干爽,
舒爽修护,
如沐清风,
净透亮肤,
净透亮肤,
酷爽冰激,
柔滑干爽,
柔滑滋润,
舒爽修护,
舒爽修护,
柔滑干爽,
舒爽修护,
舒爽修护,
柔滑干爽,
净透亮肤,
净透亮肤,
柔滑干爽,
净透亮肤,
如沐清风,
柔滑干爽,
酷爽冰激,
酷爽冰激,
柔滑干爽,
柔滑干爽,
净透亮肤,
柔滑干爽,
柔滑滋润,
如沐清风,
如沐清风,
舒爽修护,
酷爽冰激,
柔滑干爽,
樱香嫩白,
酷爽冰激,
樱香嫩白,
舒爽修护,
樱香嫩白,
如沐清风,
舒爽修护,
如沐清风,
酷爽冰激,
舒爽修护,
舒爽修护,
柔滑干爽,
如沐清风,
柔滑干爽,
如沐清风,
如沐清风,
柔滑干爽,
舒爽修护,
酷爽冰激,
舒爽修护,
樱香嫩白,
柔滑干爽,
柔滑干爽,
净投亮肤,
柔滑干爽,
柔滑干爽,
柔滑干爽,
酷爽冰激,
柔滑滋润,
净透亮肤,
净透亮肤,
柔滑干爽,
舒爽修护,
酷爽冰激,
如沐清风,
舒爽修护,
酷爽冰激,
净透亮肤,
如沐清风,
柔滑干爽,
舒爽修护,
柔滑干爽,
如沐清风,
酷爽冰激,
酷爽冰激,
舒爽修护,
柔滑干爽,
净透亮肤,
柔滑干爽,
柔滑干爽,
如沐清风,
柔滑干爽,
柔滑干爽,
舒爽修护,
酷爽冰激,
柔滑干爽,
酷爽冰激,
净透亮肤,
净透亮肤,
柔滑干爽,
酷爽冰激,
净透亮肤,
如沐清风,
柔滑干爽40ml,
舒爽修护,
如沐清风,
如沐清风,
酷爽冰激,
如沐清风,
如沐清风,
酷爽冰激（冰爽古龙男香）40ml,
如沐清风,
柔滑干爽,
舒爽修护,
柔滑干爽,
酷爽冰激,
柔滑干爽,
柔滑干爽,
酷爽冰激,
舒爽修护,
晨曦玫瑰,
舒爽修护,
酷爽冰激,
净透亮肤,
如沐清风,
酷爽冰激,
酷爽冰激,
柔滑干爽,
净透亮肤,
酷爽冰激,
净透亮肤,
如沐清风,
如沐清风,
柔滑干爽,
酷爽冰激,
柔滑干爽,
酷爽冰激,
舒爽修护,
舒爽修护,
柔滑滋润,
柔滑干爽,
舒爽修护,
柔滑干爽,
如沐清风,
柔滑滋润,
如沐清风,
如沐清风,
柔滑干爽,
如沐清风,
舒爽修护,
舒爽修护,
酷爽冰激,
酷爽冰激,
酷爽冰激,
柔滑干爽,
酷爽冰激,
酷爽冰激（冰爽古龙男香）40ml,
如沐清风,
如沐清风,
柔滑干爽,
舒爽修护,
酷爽冰激,
舒爽修护,
棉香怡然,回复
淡雅绅士,回复
柔滑干爽,回复
棉香怡然,回复
净纯无香,回复
植萃舒爽,3回复
净纯无香,回复
棉香怡然,回复
冰魄海洋,回复
樱香亮肤,回复
淡雅绅士,4回复
净纯无香,回复
淡雅绅士,回复
樱香亮肤,回复
净纯无香,回复
轻漾活爽,1回复
樱香亮肤,回复
冰激酷爽,回复
,回复
净纯无香,1回复
樱香亮肤,1回复
净纯无香,回复
樱香亮肤,1回复
樱香亮肤,回复
柔滑干爽,1回复
淡雅绅士,1回复
棉香怡然,回复
净纯无香,1回复
净纯无香,回复
净纯无香,回复
柔滑干爽,回复
淡雅绅士,回复
淡雅绅士,回复
轻漾活爽,回复
冰魄海洋,回复
淡雅绅士,2回复
净纯无香,回复
净纯无香,回复
净纯无香,2回复
净纯无香,回复
,回复
淡雅绅士,回复
樱香亮肤,回复
冰魄海洋,1回复
棉香怡然,回复
冰魄海洋,回复
净纯无香,回复
轻漾活爽,回复
净纯无香,回复
樱香亮肤,回复
净纯无香,3回复
樱香亮肤,1回复
净纯无香,1回复
柔滑干爽,回复
淡雅绅士,1回复
净纯无香,回复
净纯无香,回复
淡雅绅士,1回复
樱香亮肤,回复
净纯无香,回复
樱香亮肤,回复
樱香亮肤,回复
净纯无香,回复
柔滑干爽,回复
净纯无香,回复
净纯无香,回复
棉香怡然,回复
棉香怡然,回复
淡雅绅士,回复
净纯无香,回复
冰魄海洋,回复
,回复
冰激酷爽,回复
樱香亮肤,回复
,回复
植萃舒爽,回复
冰魄海洋,回复
淡雅绅士,1回复
樱香亮肤,回复
净纯无香,回复
轻漾活爽,1回复
柔滑干爽,回复
棉香怡然,1回复
,回复
淡雅绅士,回复
棉香怡然,回复
淡雅绅士,回复
樱香亮肤,回复
淡雅绅士,回复
樱香亮肤,1回复
,回复
净纯无香,回复
轻漾活爽,回复
樱香亮肤,回复
柔滑干爽,回复
棉香怡然,回复
淡雅绅士,回复
冰魄海洋,回复
净纯无香,回复
淡雅绅士,回复
净纯无香,回复
净纯无香,回复
樱香亮肤,回复
冰魄海洋,2回复
,回复
轻漾活爽,回复
净纯无香,回复
植萃舒爽,1回复
净纯无香,回复
,回复
淡雅绅士,回复
冰激酷爽,回复
棉香怡然,回复
樱香亮肤,回复
樱香亮肤,回复
樱香亮肤,回复
樱香亮肤,回复
净纯无香,回复
冰激酷爽,回复
淡雅绅士,回复
冰魄海洋,回复
淡雅绅士,回复
,回复
轻漾活爽,回复
淡雅绅士,回复
棉香怡然,回复
净纯无香,回复
冰魄海洋,回复
淡雅绅士,回复
净纯无香,回复
净纯无香,回复
樱香亮肤,回复
淡雅绅士,回复
植萃舒爽,回复
植萃舒爽,回复
淡雅绅士,回复
,回复
净纯无香,回复
冰魄海洋,回复
淡雅绅士,回复
冰激酷爽,回复
棉香怡然,回复
淡雅绅士,回复
冰激酷爽,回复
净纯无香,回复
植萃舒爽,回复
净纯无香,回复
冰激酷爽,回复
冰魄海洋,回复
冰魄海洋,回复
棉香怡然,回复
棉香怡然,回复
净纯无香,回复
棉香怡然,回复
净纯无香,回复
淡雅绅士,回复
净纯无香,回复
,回复
樱香亮肤,回复
轻漾活爽,回复
棉香怡然,回复
棉香怡然,回复
轻漾活爽,回复
净纯无香,回复
冰激酷爽,回复
樱香亮肤,回复
淡雅绅士,回复
植萃舒爽,回复
净纯无香,回复
净纯无香,回复
净纯无香,回复
冰魄海洋,回复
冰激酷爽,回复
淡雅绅士,回复
植萃舒爽,回复
棉香怡然,回复
棉香怡然,回复
淡雅绅士,回复
淡雅绅士,回复
净纯无香,1回复
棉香怡然,回复
淡雅绅士,回复
净纯无香,1回复
净纯无香,回复
棉香怡然,回复
净纯无香,回复
樱香亮肤,回复
棉香,回复
淡雅绅士,回复
冰激酷爽,回复
淡雅绅士,回复
轻漾活爽,回复
净纯无香,回复
樱香亮肤,回复
植萃舒爽,回复
冰魄海洋,回复
樱香亮肤,回复
,回复
樱香亮肤,回复
净纯无香,回复
,回复
樱香亮肤,回复
淡雅绅士,回复
淡雅绅士,回复
樱香亮肤,回复
淡雅绅士,回复
冰激酷爽,回复
净纯无香,回复
淡雅绅士,回复
冰魄海洋,回复
樱香亮肤,回复
净纯无香,回复
冰激酷爽,回复
,回复
,回复
冰激酷爽,回复
植萃舒爽,回复
棉香怡然,回复
樱香亮肤,回复
净纯无香,回复
棉香怡然,回复
樱香亮肤,回复
轻漾活爽,回复
棉香怡然,回复
樱香亮肤,回复
净纯无香,回复
淡雅绅士,回复
淡雅绅士,1回复
植萃舒爽,回复
樱香亮肤,回复
冰激酷爽,回复
轻漾活爽,回复
淡雅绅士,回复
柔滑干爽,回复
净纯无香,回复
淡雅绅士,回复
冰魄海洋,回复
,回复
冰激酷爽,回复
净纯无香,回复
净纯无香,回复
冰激酷爽,回复
净纯无香,回复
净纯无香,回复
,回复
棉香怡然,回复
樱香亮肤,回复
净纯无香,回复
植萃舒爽,回复
淡雅绅士,回复
淡雅绅士,回复
淡雅绅士,回复
,回复
净纯无香,回复
植萃舒爽,回复
棉香怡然,回复
淡雅绅士,回复
棉香怡然,回复
净纯无香,回复
淡雅绅士,回复
净纯无香,回复
植萃舒爽,回复
冰魄海洋,回复
樱香亮肤,回复
净纯无香,回复
樱香亮肤,回复
柔滑干爽150ml,回复
,1回复
冰魄海洋,回复
樱香亮肤,回复
樱香亮肤,回复
棉香怡然,1回复
净纯无香,回复
棉香怡然,回复
淡雅绅士,回复
冰激酷爽,回复
净纯无香,回复
净纯无香,回复
樱香亮肤,回复
净纯无香,回复
轻漾活爽,回复
淡雅绅士,回复
净纯无香,回复
柔滑干爽,回复
净纯无香,1回复
冰魄海洋,回复
,回复
淡雅绅士,回复
棉香怡然,回复
冰激酷爽,回复
淡雅绅士,回复
棉香怡然,回复
棉香怡然,回复
樱香亮肤,回复
净纯无香,1回复
轻漾活爽,回复
淡雅绅士,1回复
轻漾活爽,回复
淡雅绅士,回复
柔滑干爽,回复
轻漾活爽,回复
棉香怡然,回复
冰魄海洋,回复
樱香亮肤,回复
净纯无香,回复
,回复
樱香亮肤,回复
淡雅绅士,回复
冰魄海洋,1回复
淡雅绅士,回复
净纯无香,回复
,回复
淡雅绅士,回复
,回复
净纯无香,回复
冰魄海洋,回复
棉香怡然,回复
棉香怡然,回复
棉香怡然,回复
淡雅绅士,回复
净纯无香,回复
棉香怡然,回复
淡雅绅士,回复
冰激酷爽,1回复
植萃舒爽,回复
,回复
淡雅绅士,回复
冰魄海洋,回复
轻漾活爽,回复
轻漾活爽,回复
,回复
净纯无香,回复
轻漾活爽,回复
棉香怡然,回复
樱香亮肤,回复
淡雅绅士,回复
棉香怡然,回复
冰激酷爽,回复
淡雅绅士,回复
棉香怡然,回复
棉香怡然,1回复
淡雅绅士,回复
净纯无香,回复
净纯无香,回复
樱香亮肤,回复
冰魄海洋,回复
淡雅绅士,回复
净纯无香,回复
轻漾活爽,回复
棉香怡然,回复
棉香怡然,回复
净纯无香,回复
净纯无香,回复
冰魄海洋,回复
净纯无香,回复
植萃舒爽,回复
柔滑干爽,回复
淡雅绅士,回复
棉香怡然,回复
净纯无香,回复
植萃舒爽,回复
樱香亮肤,回复
植萃舒爽,回复
净纯无香,回复
柔滑干爽,回复
棉香怡然,回复
净纯无香,回复
冰魄海洋,回复
轻漾活爽,回复
棉香怡然,回复
柔滑干爽,1回复
净纯无香,回复
棉香怡然,回复
净纯无香,回复
,回复
樱香亮肤,回复
,回复
净纯无香,回复
淡雅绅士,回复
棉香怡然,回复
淡雅绅士,回复
淡雅绅士,回复
淡雅绅士,回复
净纯无香,回复
樱香亮肤,回复
柔滑干爽,回复
植萃舒爽,回复
樱香亮肤,回复
冰激酷爽,回复
轻漾活爽,回复
樱香亮肤,回复
植萃舒爽,回复
棉香怡然,回复
淡雅绅士,回复
棉香怡然,回复
净纯无香,回复
樱香亮肤,回复
樱香亮肤,回复
淡雅绅士,回复
净纯无香,回复
,回复
轻漾,回复
冰魄海洋,回复
植萃舒爽,回复
净纯无香,回复
樱香亮肤,回复
樱香亮肤,回复
净纯无香,回复
柔滑干爽,回复
棉香怡然,回复
淡雅绅士,回复
樱香亮肤,回复
轻漾活爽,回复
轻漾活爽,回复
淡雅绅士,回复
净纯无香,回复
净纯无香,回复
樱香亮肤,回复
冰魄海洋,回复
净纯无香,回复
植萃舒爽,回复
淡雅绅士,回复
棉香怡然,回复
樱香亮肤,回复
棉香怡然,回复
樱香亮肤,回复
净纯无香,回复
樱香亮肤,回复
樱香亮肤,回复
轻漾,回复
净纯无香,回复
,回复
棉香怡然,回复
冰魄海洋,回复
淡雅绅士,回复
,回复
樱香亮肤,回复
樱香亮肤,1回复
冰魄海洋,回复
樱香亮肤,回复
棉香怡然,回复
冰激酷爽,回复
冰魄海洋,回复
淡雅绅士,回复
淡雅绅士,回复
冰魄海洋,回复
樱香亮肤,回复
棉香怡然,回复
轻漾活爽,回复
棉香怡然,回复
棉香怡然,1回复
,回复
樱香亮肤,回复
樱香亮肤,回复
净纯无香,回复
棉香怡然,回复
植萃舒爽,回复
净纯无香,回复
淡雅绅士,回复
净纯无香,回复
柔滑干爽,回复
樱香亮肤,回复
冰激酷爽,回复
樱香亮肤,回复
,回复
淡雅绅士,回复
净纯无香,回复
冰魄海洋,回复
棉香怡然,回复
淡雅绅士,回复
冰魄海洋,1回复
净纯无香,回复
樱香亮肤,回复
棉香怡然,回复
净纯无香,回复
棉香怡然,回复
净纯无香,回复
冰魄海洋,回复
冰魄海洋,回复
樱香亮肤,回复
棉香怡然,回复
净纯无香,回复
净纯无香,回复
淡雅绅士,回复
棉香怡然,回复
柔滑干爽,回复
植萃舒爽,回复
植萃舒爽,回复
净纯无香,回复
棉香怡然,回复
樱香亮肤,回复
冰魄海洋,回复
冰魄海洋,回复
樱香亮肤,回复
植萃舒爽,回复
樱香亮肤,回复
淡雅绅士,回复
棉香怡然,回复
,回复
轻漾活爽,回复
淡雅绅士,回复
淡雅绅士,回复
樱香亮肤,回复
樱香亮肤,回复
净纯无香,回复
冰激酷爽,回复
淡雅绅士,回复
淡雅绅士,回复
淡雅绅士,回复
淡雅绅士,2回复
冰激酷爽,回复
樱香亮肤,回复
持久干爽,回复
樱香亮肤,回复
棉香怡然,1回复
棉香怡然,回复
,回复
轻漾活爽,回复
柔滑干爽,回复
净纯无香,回复
棉香怡然,回复
净纯无香,回复
柔滑干爽,回复
冰魄海洋,回复
樱香亮肤,回复
,回复
棉香怡然,回复
植萃舒爽,回复
淡雅绅士,回复
净纯无香,回复
淡雅绅士,回复
冰魄海洋,回复
柔滑干爽,回复
淡雅绅士,回复
轻漾活爽,回复
净纯无香,回复
淡雅绅士,回复
净纯无香,回复
淡雅绅士,回复
樱香亮肤,回复
淡雅绅士,回复
棉香怡然,回复
冰激酷爽,回复
,回复
樱香亮肤,回复
植萃舒爽,回复
棉香怡然,回复
樱香亮肤,回复
,回复
樱香亮肤,回复
柔滑干爽,回复
轻漾活爽,回复
净纯无香,回复
淡雅绅士,回复
樱香亮肤,回复
淡雅绅士,回复
淡雅绅士,回复
轻漾活爽,回复
樱香亮肤,回复
淡雅绅士,回复
棉香怡然,回复
淡雅绅士,回复
淡雅绅士,回复
樱香亮肤,回复
轻漾活爽,回复
棉香怡然,回复
,回复
,回复
,回复
淡雅绅士,回复
轻漾活爽,回复
淡雅绅士,回复
植萃舒爽,回复
净纯无香,回复
净纯无香,回复
净纯无香,回复
净纯无香,回复
棉香怡然,回复
净纯无香,回复
冰激酷爽,回复
净纯无香,回复
净纯无香,回复
淡雅绅士,回复
樱香亮肤,回复
净纯无香,回复
净纯无香,回复
棉香怡然,回复
棉香怡然,回复
冰魄海洋,回复
净纯无香,回复
净纯无香,回复
樱香亮肤,回复
净纯无香,回复
净纯无香,回复
樱香亮肤,回复
樱香亮肤,回复
柔滑干爽,回复
植萃舒爽,回复
樱香亮肤,回复
棉香怡然,回复
轻漾活爽,回复
植萃舒爽,2回复
樱香亮肤,回复
植萃舒爽,回复
冰激酷爽,回复
轻漾活爽,回复
柔滑干爽,回复
淡雅绅士,回复
植萃舒爽,回复
冰魄海洋,回复
淡雅绅士,回复
棉香怡然,回复
冰激酷爽,回复
植萃舒爽,回复
,回复
净纯无香,回复
净纯无香,回复
净纯无香,回复
净纯无香,回复
柔滑干爽,1回复
轻漾活爽,回复
,回复
冰魄海洋,回复
净纯无香,回复
轻漾活爽,回复
净纯无香,回复
棉香怡然,回复
淡雅绅士,回复
棉香怡然,回复
冰激酷爽,回复
淡雅绅士,回复
柔滑干爽,回复
樱香亮肤,回复
,1回复
棉香怡然,回复
淡雅绅士,回复
轻漾活爽,回复
净纯无香,回复
净纯无香,回复
,回复
淡雅绅士,回复
净纯无香,回复
净纯无香,回复
樱香亮肤,回复
柔滑干爽,回复
,回复
棉香怡然,回复
净纯无香,回复
冰激酷爽,回复
冰魄海洋,回复
棉香怡然,回复
冰魄海洋,回复
柔滑干爽,回复
樱香亮肤,回复
樱香亮肤,回复
轻漾活爽,回复
轻漾活爽,回复
淡雅绅士,回复
净纯无香,回复
冰激酷爽,回复
冰魄海洋,回复
净纯无香,回复
棉香怡然,回复
植萃舒爽,回复
净纯无香,回复
净纯无香,回复
冰激酷爽,回复
,回复
净纯无香,回复
棉香怡然,回复
净纯无香,回复
棉香怡然,回复
植萃舒爽,回复
樱香亮肤,回复
棉香怡然,回复
冰激酷爽,回复
,回复
冰魄海洋,回复
樱香亮肤,回复
净纯无香,回复
净纯无香,回复
樱香亮肤,回复
轻漾活爽,1回复
净纯无香,回复
樱香亮肤,回复
樱香亮肤,回复
植萃舒爽,回复
净纯无香,回复
净纯无香,回复
冰激酷爽,回复
柔滑干爽,回复
轻漾活爽,回复
净纯无香,回复
净纯无香,回复
棉香怡然,回复
净纯无香,回复
淡雅绅士,回复
冰激酷爽,回复
淡雅绅士,回复
柔滑干爽,回复
轻漾活爽,回复
棉香怡然,回复
轻漾活爽,回复
冰魄海洋,回复
淡雅绅士,回复
棉香怡然,回复
轻漾活爽,1回复
净纯无香,回复
净纯无香,回复
净纯无香,回复
棉香怡然,回复
柔滑干爽,回复
柔滑干爽,回复
冰魄海洋,回复
柔滑干爽,回复
棉香怡然,回复
柔滑干爽,回复
樱香亮肤,回复
棉香怡然,回复
冰激酷爽,回复
,回复
植萃舒爽,回复
净纯无香,回复
冰激酷爽,回复
樱香亮肤,回复
樱香亮肤,回复
淡雅绅士,回复
净纯无香,回复
棉香怡然,回复
净纯无香,回复
,回复
轻漾活爽,回复
植萃舒爽,回复
棉香怡然,回复
樱香亮肤,回复
柔滑干爽,回复
棉香怡然,回复
樱香亮肤,回复
净纯无香,回复
淡雅绅士,回复
净纯无香,回复
冰激酷爽,回复
冰魄海洋,回复
樱香亮肤,回复
冰魄海洋,回复
,回复
棉香怡然,回复
棉香怡然,回复
冰魄海洋,回复
冰魄海洋,回复
轻漾活爽,回复
冰魄海洋,回复
净纯无香,回复
棉香怡然,回复
淡雅绅士,回复
淡雅绅士,回复
樱香亮肤,回复
淡雅绅士,回复
轻漾活爽,回复
樱香亮肤,回复
净纯无香,回复
淡雅绅士,回复
,回复
淡雅绅士,回复
柔滑干爽,回复
棉香怡然,回复
樱香亮肤,回复
冰激酷爽,回复
,回复
棉香怡然,回复
植萃舒爽,回复
樱香亮肤,回复
净纯无香,回复
净纯无香,回复
冰激酷爽,3回复
轻漾活爽,回复
,回复
,回复
植萃舒爽,1回复
樱香亮肤,回复
樱香亮肤,回复
樱香亮肤,回复
樱香亮肤,回复
樱香亮肤,回复
轻漾活爽,回复
净纯无香,回复
净纯无香,回复
冰激酷爽,回复
樱香亮肤,回复
净纯无香,回复
棉香怡然,回复
净纯无香,回复
净纯无香,回复
净纯无香,回复
柔滑干爽,回复
柔滑干爽,回复
樱香亮肤,回复
冰魄海洋,回复
樱香亮肤,回复
柔滑干爽,回复
,回复
,回复
净纯无香,回复
棉香怡然,回复
淡雅绅士,回复
淡雅绅士,回复
樱香亮肤,回复
植萃舒爽,回复
净纯无香,回复
,1回复
净纯无香,回复
净纯无香,回复
净纯无香,回复
冰激酷爽,回复
净纯无香,回复
淡雅绅士,回复
冰魄海洋,回复
净纯无香,回复
冰魄海洋,回复
柔滑干爽,回复
净纯无香,回复
淡雅绅士,回复
净纯无香,回复
樱香亮肤,回复
淡雅绅士,回复
淡雅绅士,回复
净纯无香,回复
净纯无香,回复
,回复
净纯无香,回复
淡雅绅士,回复
净纯无香,回复
樱香亮肤,回复
柔滑干爽,回复
淡雅绅士,回复
,回复
净纯无香,回复
轻漾活爽,回复
轻漾活爽,回复
柔滑干爽,回复
淡雅绅士,回复
净纯无香,回复
淡雅绅士,回复
淡雅绅士,回复
冰魄海洋,回复
冰魄海洋,回复
冰激酷爽,回复
,1回复
柔滑干爽,回复
净纯无香,回复
净纯无香,回复
冰激酷爽,回复
净纯无香,回复
植萃舒爽,回复
冰激酷爽,回复
棉香怡然,回复
淡雅绅士,回复
净纯无香,回复
棉香怡然,回复
净纯无香,回复
淡雅绅士,回复
棉香怡然,回复
植萃舒爽,回复
轻漾活爽,回复
柔滑干爽,回复
冰激酷爽,回复
净纯无香,1回复
净纯无香,回复
樱香亮肤,回复
冰激酷爽,回复
,回复
棉香怡然,回复
淡雅绅士,回复
淡雅绅士,回复
,回复
轻漾活爽,回复
淡雅绅士,回复
淡雅绅士,回复
冰魄海洋,回复
净纯无香,回复
,回复
净纯无香,回复
淡雅绅士,回复
净纯无香,回复
轻漾活爽,回复
柔滑干爽,回复
轻漾活爽,回复
樱香亮肤,回复
冰激酷爽,回复
净纯无香,回复
冰魄海洋,回复
,回复
棉香怡然,回复
冰激酷爽,回复
棉香怡然,回复
冰激酷爽,回复
轻漾活爽,回复
净纯无香,回复
淡雅绅士,回复
冰魄海洋,回复
冰激酷爽,回复
植萃舒爽,2回复
净纯无香,回复
轻漾活爽,回复
净纯无香,回复
淡雅绅士,回复
,回复
净纯无香,1回复
,回复
樱香亮肤,回复
樱香亮肤,回复
净纯无香,回复
棉香怡然,回复
淡雅绅士,回复
樱香亮肤,回复
轻漾活爽,回复
樱香亮肤,回复
净纯无香,回复
净纯无香,回复
净纯无香,回复
净纯无香,回复
棉香怡然,回复
淡雅绅士,回复
植萃舒爽,回复
冰激酷爽,回复
冰激酷爽,回复
淡雅绅士,回复
柔滑干爽,回复
棉香怡然,回复
冰魄海洋,回复
冰激酷爽,回复
冰魄海洋,回复
净纯无香,回复
樱香亮肤,回复
柔滑干爽,回复
樱香亮肤,回复
淡雅绅士,回复
,回复
净纯无香,回复
冰魄海洋,回复
柔滑干爽,回复
,回复
冰魄海洋,回复
植萃舒爽,回复
,回复
淡雅绅士,回复
净纯无香,回复
净纯无香,回复
净纯无香,回复
柔滑干爽,回复
淡雅绅士,回复
净纯无香,回复
棉香怡然,回复
,回复
植萃舒爽,回复
净纯无香,回复
柔滑干爽,回复
净纯无香,回复
植萃舒爽,回复
棉香怡然,回复
,回复
净纯无香,回复
植萃舒爽,回复
冰魄海洋,回复
冰魄海洋,回复
冰魄海洋,回复
净纯无香,回复
,回复
棉香怡然,回复
轻漾活爽,回复
冰魄海洋,回复
棉香怡然,回复
净纯无香,回复
淡雅绅士,回复
柔滑干爽,回复
植萃舒爽,回复
柔滑干爽,回复
净纯无香,回复
樱香亮肤,回复
淡雅绅士,回复
淡雅绅士,回复
樱香亮肤,回复
淡雅绅士,回复
植萃舒爽,回复
净纯无香,回复
棉香怡然,回复
植萃舒爽,回复
淡雅绅士,回复
净纯无香,回复
樱香亮肤,回复
柔滑干爽,2回复
棉香怡然,回复
净纯无香,回复
冰激酷爽,回复
,
,
,
,
,
,
,
,
,
,
,
,
,
,
,
,
,
,
,
,
,
,
,
,
,
,
,
,
,
,
,
,
,
,
,
,
,
,
,
,
,
,
,
,
,
,
,
,
,
,
,
,
,
,
,
,
,
,
,
,
,
,
,
,
,
,
,
,
,
,
,
,
,
,
,
,
,
,
,
,
,
,
,
,
,
,
,
,
,
,
,
,
,
,
,
,
,
,
,
,
,
,
,
,
,
,
,
,
,
,
,
,
,
,
,
,
,
,
,
,
,
,
,
,
,
,
,
,
,
,
,
,
,
,
,
,
,
,
,
,
,
,
,
,
,
,
,
,
,
,
,
,
,
,
,
,
,
,
,
,
,
,
,
,
,
,
,
,
,
,
,
,
,
,
,
,
,
,
,
,
,
,
,
,
,
,
,
,
,
,
,
,
,
,
,
,
,
,
,
,
,
,
,
,
,
,
,
,
,
,
,
,
,
,
,
,
,
,
,
,
,
,
,
,
,
,
,
,
,
,
,
,
,
,
,
,
,
,
,
,
,
,
,
,
,
,
,
,
,
,
,
,
,
,
,
,
,
,
,
,
,
,
,
,
,
,
,
,
,
,
,
,
,
,
,
,
,
,
,
,
,
,
,
,
,
,
,
,
,
,
,
,
,
,
,
,
,
,
,
,
,
,
,
,
,
,
,
,
,
,
,
,
,
,
,
,
,
,
,
,
,
,
,
,
,
,
,
,
,
,
,
,
,
,
,
,
,
,
,
,
,
,
,
,
,
,
,
,
,
,
,
,
,
,
,
,
,
,
,
,
,
,
,
,
,
,
,
,
,
,
,
,
,
,
,
,
,
,
,
,
,
,
,
,
,
,
,
,
,
,
,
,
,
,
,
,
,
,
,
,
,
,
,
,
,
,
,
,
,
,
,
,
,
,
,
,
,
,
,
,
,
,
,
,
,
,
,
,
,
,
,
,
,
,
,
,
,
,
,
,
,
,
,
,
,
,
,
,
,
,
,
,
,
,
,
,
,
,
,
,
,
,
,
,
,
,
,
,
,
,
,
,
,
,
,
,
,
,
,
,
,
,
,
,
,
,
,
,
,
,
,
,
,
,
,
,
,
,
,
,
,
,
,
,
,
,
,
,
,
,
,
,
,
,
,
,
,
,
,
,
,
,
,
,
,
,
,
,
,
,
,
,
,
,
,
,
,
,
,
,
,
,
,
,
,
,
,
,
,
,
,
,
,
,
,
,
,
,
,
,
,
,
,
,
,
,
,
,
,
,
,
,
,
,
,
,
,
,
,
,
,
,
,
,
,
,
,
,
,
,
,
,
,
,
,
,
,
,
,
,
,
,
,
,
,
,
,
,
,
,
,
,
,
,
,
,
,
,
,
,
,
,
,
,
,
,
,
,
,
,
,
,
,
,
,
,
,
,
,
,
,
,
,
,
,
,
,
,
,
,
,
,
,
,
,
,
,
,
,
,
,
,
,
,
,
,
,
,
,
,
,
,
,
,
,
,
,
,
,
,
,
,
,
,
,
,
,
,
,
,
,
,
,
,
,
,
,
,
,
,
,
,
,
,
,
,
,
,
,
,
,
,
,
,
,
,
,
,
,
,
,
,
,
,
,
,
,
,
,
,
,
,
,
,
,
,
,
,
,
,
,
,
,
,
,
,
,
,
,
,
,
,
,
,
,
,
,
,
,
,
,
,
,
,
,
,
,
,
,
,
,
,
,
,
,
,
,
,
,
,
,
,
,
,
,
,
,
,
,
,
,
,
,
,
,
,
,
,
,
,
,
,
,
,
,
,
,
,
,
,
,
,
,
,
,
,
,
,
,
,
,
,
,
,
,
,
,
,
,
,
,
,
,
,
,
,
,
,
,
,
,
,
,
,
,
,
,
,
,
,
,
,
,
,
,
,
,
,
,
,
,
,
,
,
,
,
,
,
,
,
,
,
,
,
,
,
,
,
,
,
,
,
,
,
,
,
,
,
,
,
,
,
,
,
,
,
,
,
,
,
,
,
,
,
,
,
,
,
,
,
,
,
,
,
,
,
,
,
,
,
,
,
,
,
,
,
,
,
,
,
,
,
,
,
,
,
,
,
,
,
,
,
,
,
,
,
,
,
,
,
,
,
,
,
,
,
,
,
,
,
,
,
,
,
,
,
,
,
,
,
,
,
,
,
,
,
,
,
,
,
,
,
,
,
,
,
,
,
,
,
,
,
,
,
,
,
,
,
,
,
,
,
,
,
,
,
,
,
,
,
,
,
,
,
,
,
,
,
,
,
,
,
,
,
,
,
,
,
,
,
,
,
,
,
,
,
,
,
,
,
,
,
,
,
,
,
,
,
,
,
,
,
,
,
,
,
,
,
,
,
,
,
,
,
,
,
,
,
,
,
,
,
,
,
,
,
,
,
,
,
,
,
,
,
,
,
,
,
,
,
,
,
,
,
,
,
,
,
,
,
,
,
,
,
,
,
,
,
,
,
,
,
,
,
,
,
,
,
,
,
,
,
,
,
,
,
,
,
,
,
,
,
,
,
,
,
,
,
,
,
,
,
,
,
,
,
,
,
,
,
,
,
,
,
,
,
,
,
,
,
,
,
,
,
,
,
,
,
,
,
,
,
,
,
,
,
,
,
,
,
,
,
,
,
,
,
,
,
,
,
,
,
,
,
,
,
,
,
,
,
,
,
,
,
,
,
,
,
,
,
,
,
,
,
,
,
,
,
,
,
,
,
,
,
,
,
,
,
,
,
,
,
,
,
,
,
,
,
,
,
,
,
,
,
,
,
,
,
,
,
,
,
,
,
,
,
,
,
,
,
,
,
,
,
,
,
,
,
,
,
,
,
,
,
,
,
,
,
,
,
